<?xml version="1.0" encoding="iso-8859-1" standalone="no"?>
<adtf:project xmlns:adtf="adtf">
 <general_settings>
  <property name="active_configuration" type="String" value="Base_Config" />
  <property name="enable_messagebus" type="Bool" value="true" />
  <property name="synchronizing_type" type="Int" value="1" />
  <property name="global_log_level" type="Int" value="3" />
  <property name="media_description_files" type="String" value="./../description/*.description;./../addons/*/description/*.description;./../src/examples/src/description/*.description;../../../description/aadc.description" />
 </general_settings>
 <configurations />
 <fileinfo adtfversion="2.13.1" configversion="1.3" />
 <configuration_settings />
 <adtf_include source="../IncludeConfig.xml" />
 <plugins>
  <plugin optional="true" url="../../../bin/Linux/gcc/$(BUILD_TYPE_2)/*.plb" />
  <plugin optional="true" url="../../../bin/Windows/vc10/$(BUILD_TYPE_2)/*.plb" />
 </plugins>
</adtf:project>
