<?xml version="1.0" encoding="iso-8859-1" standalone="no"?>
<adtf:project xmlns:adtf="adtf">
	<general_settings>
		<property name="active_configuration" type="String" value="NetIO_Server" />
	</general_settings>
	<configurations>
		<configuration description="" name="NetIO_Server">
			<graph>
				<filter alias="Demo_MessageBus_NetIO_Filter" idref="adtf.example.demo_netio" priority="1">
					<settings>
						<property name="is_server" type="Bool" value="true" />
						<property name="generate_rate" type="Int" value="0" />
					</settings>
				</filter>
			</graph>
		</configuration>
		<configuration description="" name="NetIO_Client">
			<graph>
				<filter alias="Demo_MessageBus_NetIO_Filter" idref="adtf.example.demo_netio" priority="1">
					<settings>
						<property name="is_server" type="Bool" value="false" />
						<property name="server_url" type="String" value="udp://localhost:5555{forceclient=true}" />
						<property name="generate_rate" type="Int" value="0" />
					</settings>
				</filter>
			</graph>
		</configuration>
	</configurations>
	<fileinfo adtfversion="2.10.0beta" configversion="1.3" />
	<configuration_settings />
</adtf:project>
