<?xml version="1.0" encoding="iso-8859-1" standalone="no"?>
<presets>
	<sensorPreset>
		<sensor>VOLTAGE_MEASUREMENT</sensor>
		<nominalValue>8.0</nominalValue>
		<maxNegDeviation>1.0</maxNegDeviation>
		<maxPosDeviation>1.0</maxPosDeviation>		
	</sensorPreset>
	<sensorPreset>
		<sensor>VOLTAGE_SPEEDCTR</sensor>
		<nominalValue>0.52</nominalValue>
		<maxNegDeviation>2.5</maxNegDeviation>
		<maxPosDeviation>2.5</maxPosDeviation>		
	</sensorPreset>
	<sensorPreset>
		<sensor>ULTRASONIC_FRONT_LEFT</sensor>
		<nominalValue>0.52</nominalValue>
		<maxNegDeviation>2.5</maxNegDeviation>
		<maxPosDeviation>2.5</maxPosDeviation>		
	</sensorPreset>
	<sensorPreset>
		<sensor>ULTRASONIC_FRONT_CENTER_LEFT</sensor>
		<nominalValue>0.52</nominalValue>
		<maxNegDeviation>2.5</maxNegDeviation>
		<maxPosDeviation>2.5</maxPosDeviation>		
	</sensorPreset>
	<sensorPreset>
		<sensor>ULTRASONIC_FRONT_CENTER</sensor>
		<nominalValue>0.52</nominalValue>
		<maxNegDeviation>2.5</maxNegDeviation>
		<maxPosDeviation>2.5</maxPosDeviation>		
	</sensorPreset>
	<sensorPreset>
		<sensor>ULTRASONIC_FRONT_CENTER_RIGHT</sensor>
		<nominalValue>0.52</nominalValue>
		<maxNegDeviation>2.5</maxNegDeviation>
		<maxPosDeviation>2.5</maxPosDeviation>		
	</sensorPreset>
	<sensorPreset>
		<sensor>ULTRASONIC_FRONT_RIGHT</sensor>
		<nominalValue>0.52</nominalValue>
		<maxNegDeviation>2.5</maxNegDeviation>
		<maxPosDeviation>2.5</maxPosDeviation>		
	</sensorPreset>
	<sensorPreset>
		<sensor>ULTRASONIC_SIDE_LEFT</sensor>
		<nominalValue>0.52</nominalValue>
		<maxNegDeviation>2.5</maxNegDeviation>
		<maxPosDeviation>2.5</maxPosDeviation>		
	</sensorPreset>
	<sensorPreset>
		<sensor>ULTRASONIC_SIDE_RIGHT</sensor>
		<nominalValue>0.52</nominalValue>
		<maxNegDeviation>2.5</maxNegDeviation>
		<maxPosDeviation>2.5</maxPosDeviation>		
	</sensorPreset>
	<sensorPreset>
		<sensor>ULTRASONIC_REAR_LEFT</sensor>
		<nominalValue>0.52</nominalValue>
		<maxNegDeviation>2.5</maxNegDeviation>
		<maxPosDeviation>2.5</maxPosDeviation>		
	</sensorPreset>
	<sensorPreset>
		<sensor>ULTRASONIC_REAR_CENTER</sensor>
		<nominalValue>0.52</nominalValue>
		<maxNegDeviation>2.5</maxNegDeviation>
		<maxPosDeviation>2.5</maxPosDeviation>		
	</sensorPreset>
	<sensorPreset>
		<sensor>ULTRASONIC_REAR_RIGHT</sensor>
		<nominalValue>10.52</nominalValue>
		<maxNegDeviation>2.5</maxNegDeviation>
		<maxPosDeviation>2.5</maxPosDeviation>		
	</sensorPreset>
	<sensorPreset>
		<sensor>GYROSCOPE_X_ACC</sensor>
		<nominalValue>0.52</nominalValue>
		<maxNegDeviation>2.5</maxNegDeviation>
		<maxPosDeviation>2.5</maxPosDeviation>		
	</sensorPreset>
	<sensorPreset>
		<sensor>GYROSCOPE_Y_ACC</sensor>
		<nominalValue>0.52</nominalValue>
		<maxNegDeviation>2.5</maxNegDeviation>
		<maxPosDeviation>2.5</maxPosDeviation>		
	</sensorPreset>
	<sensorPreset>
		<sensor>GYROSCOPE_Z_ACC</sensor>
		<nominalValue>0.52</nominalValue>
		<maxNegDeviation>2.5</maxNegDeviation>
		<maxPosDeviation>2.5</maxPosDeviation>		
	</sensorPreset>
	<sensorPreset>
		<sensor>GYROSCOPE_YAW</sensor>
		<nominalValue>0.52</nominalValue>
		<maxNegDeviation>2.5</maxNegDeviation>
		<maxPosDeviation>2.5</maxPosDeviation>		
	</sensorPreset>
	<sensorPreset>
		<sensor>GYROSCOPE_PITCH</sensor>
		<nominalValue>0.52</nominalValue>
		<maxNegDeviation>2.5</maxNegDeviation>
		<maxPosDeviation>2.5</maxPosDeviation>		
	</sensorPreset>
	<sensorPreset>
		<sensor>GYROSCOPE_ROLL</sensor>
		<nominalValue>0.52</nominalValue>
		<maxNegDeviation>2.5</maxNegDeviation>
		<maxPosDeviation>2.5</maxPosDeviation>		
	</sensorPreset>
</presets>
