<?xml version="1.0" encoding="iso-8859-1" standalone="no"?>
<AADC-Maneuver-List description="HTWK Smart Driving - Medium Difficulty Test">
	<AADC-Sector id="0">
		<AADC-Maneuver id="0" action="left" />
		<AADC-Maneuver id="1" action="right" />
	</AADC-Sector>
	<AADC-Sector id="1">
		<AADC-Maneuver id="2" action="right" />
		<AADC-Maneuver id="3" action="right" />
	</AADC-Sector>
	<AADC-Sector id="2">
		<AADC-Maneuver id="4" action="straight" />
        <AADC-Maneuver id="5" action="parallel_parking" />
	</AADC-Sector>
</AADC-Maneuver-List>
