<?xml version="1.0" encoding="iso-8859-1" standalone="no"?>
<AADC-Maneuver-List description="HTWK Smart Driving - Very Hard Difficulty Test">
	<AADC-Sector id="0">
        <AADC-Maneuver id="0" action="pull_out_left" />
		<AADC-Maneuver id="1" action="left" />
		<AADC-Maneuver id="2" action="right" />
	</AADC-Sector>
	<AADC-Sector id="1">
		<AADC-Maneuver id="3" action="straight" />
        <AADC-Maneuver id="4" action="cross_parking" />
	</AADC-Sector>
    <AADC-Sector id="2">
		<AADC-Maneuver id="5" action="pull_out_left" />
        <AADC-Maneuver id="6" action="left" />
		<AADC-Maneuver id="7" action="right" />
	</AADC-Sector>
	<AADC-Sector id="3">
		<AADC-Maneuver id="8" action="straight" />
        <AADC-Maneuver id="9" action="cross_parking" />
	</AADC-Sector>
</AADC-Maneuver-List>
