<?xml version="1.0" encoding="iso-8859-1" standalone="no"?>
<AADC-Maneuver-List description="Merry Go Round Test">
	<AADC-Sector id="0">
        <AADC-Maneuver id="0" action="straight" />
		<AADC-Maneuver id="1" action="left" />
        <AADC-Maneuver id="2" action="right" />
		<AADC-Maneuver id="3" action="right" />
        <AADC-Maneuver id="4" action="right" />
		<AADC-Maneuver id="5" action="right" />
        <AADC-Maneuver id="6" action="right" />
		<AADC-Maneuver id="7" action="right" />
        <AADC-Maneuver id="8" action="right" />
		<AADC-Maneuver id="9" action="right" />
        <AADC-Maneuver id="10" action="right" />
		<AADC-Maneuver id="11" action="right" />
        <AADC-Maneuver id="12" action="right" />
		<AADC-Maneuver id="13" action="right" />
        <AADC-Maneuver id="14" action="right" />
		<AADC-Maneuver id="15" action="right" />
        <AADC-Maneuver id="16" action="right" />
		<AADC-Maneuver id="17" action="right" />
        <AADC-Maneuver id="18" action="right" />
		<AADC-Maneuver id="19" action="right" />
        <AADC-Maneuver id="20" action="right" />
		<AADC-Maneuver id="21" action="straight" />
    </AADC-Sector>
</AADC-Maneuver-List>
