<?xml version="1.0" encoding="UTF-8" standalone="no"?>
<configuration>

    <!-- test -->
    <!--<roadSign id="3" x="1.245" y="9.356" radius="1.0" direction="-90"/>-->
    <!--<roadSign id="3" x="1.135" y="7.644" radius="1.0" direction="90"/>-->
    <!--<roadSign id="5" x="1.356" y="9.135" radius="1.0" direction="180"/>-->

    <!--sector #1 -->
    <roadSign id="6" x="10.356" y="12.135" radius="1.0" direction="180" init="1"/>
    <!--sector #2 -->
    <roadSign id="10" x="20.356" y="-0.135" radius="1.0" direction="0" init="1"/>
    <!--sector #3 -->
    <roadSign id="3" x="-0.135" y="6.356" radius="1.0" direction="-90" init="1"/>
    <!--sector #4 -->
    <roadSign id="2" x="10.644" y="-0.135" radius="1.0" direction="0" init="1"/>

    <!--roadsigns from left to right and top to bottom -->
    <roadSign id="3" x="-0.135" y="9.356" radius="1.0" direction="-90"/>
    <roadSign id="5" x="1.356" y="9.135" radius="1.0" direction="180"/>
    <roadSign id="3" x="1.135" y="7.644" radius="1.0" direction="90"/>
    <roadSign id="1" x="1.356" y="6.135" radius="1.0" direction="180"/>
    <roadSign id="3" x="1.135" y="4.644" radius="1.0" direction="90"/>
    <roadSign id="3" x="2.644" y="10.865" radius="1.0" direction="0"/>
    <roadSign id="1" x="2.865" y="9.356" radius="1.0" direction="-90"/>
    <roadSign id="3" x="2.644" y="7.865" radius="1.0" direction="0"/>
    <roadSign id="1" x="4.135" y="7.644" radius="1.0" direction="90"/>
    <roadSign id="3" x="4.356" y="9.135" radius="1.0" direction="180"/>
    <roadSign id="3" x="2.865" y="6.356" radius="1.0" direction="-90"/>
    <roadSign id="1" x="2.644" y="4.865" radius="1.0" direction="0"/>
    <roadSign id="10" x="3.356" y="-0.135" radius="1.0" direction="0"/>
    <roadSign id="10" x="-0.135" y="2.644" radius="1.0" direction="-90"/>
    <roadSign id="10" x="3.644" y="1.135" radius="1.0" direction="180"/>
    <roadSign id="3" x="4.356" y="12.135" radius="1.0" direction="180"/>
    <roadSign id="1" x="4.135" y="10.644" radius="1.0" direction="90"/>
    <roadSign id="1" x="4.356" y="6.135" radius="1.0" direction="180"/>
    <roadSign id="3" x="4.135" y="4.644" radius="1.0" direction="90"/>
    <roadSign id="3" x="5.644" y="10.865" radius="1.0" direction="0"/>
    <roadSign id="3" x="5.865" y="9.356" radius="1.0" direction="-90"/>
    <roadSign id="1" x="5.644" y="7.865" radius="1.0" direction="0"/>
    <roadSign id="3" x="7.356" y="12.135" radius="1.0" direction="180"/>
    <roadSign id="1" x="7.135" y="10.644" radius="1.0" direction="90"/>
    <roadSign id="3" x="7.135" y="7.644" radius="1.0" direction="90"/>
    <roadSign id="6" x="8.644" y="10.865" radius="1.0" direction="0"/>
    <roadSign id="10" x="8.644" y="5.135" radius="1.0" direction="180"/>
    <roadSign id="6" x="10.356" y="12.135" radius="1.0" direction="180"/>
    <roadSign id="10" x="10.356" y="3.865" radius="1.0" direction="0"/>
    <roadSign id="10" x="9.644" y="1.135" radius="1.0" direction="180"/>
    <roadSign id="2" x="12.644" y="10.865" radius="1.0" direction="0"/>
    <roadSign id="5" x="14.865" y="1.356" radius="1.0" direction="-90"/>
    <roadSign id="10" x="16.644" y="10.865" radius="1.0" direction="0"/>
    <roadSign id="10" x="15.644" y="9.135" radius="1.0" direction="180"/>
    <roadSign id="10" x="16.644" y="7.865" radius="1.0" direction="0"/>
    <roadSign id="10" x="17.356" y="12.135" radius="1.0" direction="180"/>
    <roadSign id="3" x="16.356" y="1.135" radius="1.0" direction="180"/>
    <roadSign id="3" x="14.356" y="-0.135" radius="1.0" direction="0"/>
    <roadSign id="6" x="20.865" y="7.356" radius="1.0" direction="-90"/>
    <roadSign id="6" x="22.135" y="5.644" radius="1.0" direction="90"/>

    <!-- additional autonomous signs, for improving positioning -->
    <roadSign id="10" x="3.135" y="2.644" radius="1.0" direction="-90"/>
    <roadSign id="16" x="7.356" y="2.135" radius="1.0" direction="0"/>
    <roadSign id="17" x="14.356" y="6.135" radius="1.0" direction="0"/>
    <roadSign id="16" x="20.135" y="5.644" radius="1.0" direction="-90"/>
    <roadSign id="10" x="16.644" y="4.135" radius="1.0" direction="180"/>
    <roadSign id="17" x="22.135" y="10.356" radius="1.0" direction="90"/>
    <roadSign id="17" x="7.356" y="-0.135" radius="1.0" direction="0"/>
    <roadSign id="17" x="2.865" y="9.356" radius="1.0" direction="90"/>
    <roadSign id="16" x="2.644" y="7.865" radius="1.0" direction="180"/>
    <roadSign id="17" x="4.135" y="7.644" radius="1.0" direction="-90"/>
    <roadSign id="16" x="4.356" y="9.135" radius="1.0" direction="0"/>

    <!-- parking -->
    <parkingSpace id="1" x="11.25" y="0.0" status="1" direction="90"/>
    <parkingSpace id="2" x="11.75" y="0.0" status="0" direction="90"/>
    <parkingSpace id="3" x="12.25" y="0.0" status="1" direction="90"/>
    <parkingSpace id="4" x="12.75" y="0.0" status="0" direction="90"/>

    <parkingSpace id="5" x="13.25" y="11.0" status="1" direction="90"/>
    <parkingSpace id="6" x="13.75" y="11.0" status="0" direction="90"/>
    <parkingSpace id="7" x="14.25" y="11.0" status="1" direction="90"/>
    <parkingSpace id="8" x="14.75" y="11.0" status="0" direction="90"/>

    <pedestrianCrossing x="9.5" y="11.5" direction="0"/>
    <pedestrianCrossing x="21.5" y="6.5" direction="90"/>
    <stopLine x="1.1" y="6.0" direction="180"/>
    <stopLine x="3.0" y="9.1" direction="-90"/>
    <stopLine x="2.9" y="5.0" direction="0"/>
    <stopLine x="4.0" y="10.9" direction="90"/>
    <stopLine x="4.0" y="7.9" direction="90"/>
    <stopLine x="4.1" y="6.0" direction="180"/>
    <stopLine x="5.9" y="8.0" direction="0"/>
    <stopLine x="7.0" y="10.9" direction="90"/>

</configuration>
