<?xml version="1.0" encoding="iso-8859-1" standalone="yes"?>
<calibration xmlns:xsi="http://www.w3.org/2001/XMLSchema-instance">
	<settings>
		<mode>linear</mode>
	</settings>
	<supportingPoints>
		<point>
			<xValue>-0.8</xValue>
			<yValue>130</yValue>
		</point>
		<point>
			<xValue>-0.3525</xValue>
			<yValue>125</yValue>
		</point>
		<point>
			<xValue>-0.25</xValue>
			<yValue>115</yValue>
		</point>
		<point>
			<xValue>-0.15</xValue>
			<yValue>110</yValue>
		</point>
		<point>
			<xValue>-0.1</xValue>
			<yValue>100</yValue>
		</point>
		<point>
			<xValue>0</xValue>
			<yValue>90</yValue>
		</point>
		<point>
			<xValue>0.1</xValue>
			<yValue>80</yValue>
		</point>
		<point>
			<xValue>0.2</xValue>
			<yValue>70</yValue>
		</point>
		<point>
			<xValue>0.25</xValue>
			<yValue>60</yValue>
		</point>
		<point>
			<xValue>0.65</xValue>
			<yValue>57</yValue>
		</point>
		<point>
			<xValue>2.85</xValue>
			<yValue>50</yValue>
		</point>
		<point>
			<xValue>3.8</xValue>
			<yValue>40</yValue>
		</point>
		<point>
			<xValue>4.2</xValue>
			<yValue>35</yValue>
		</point>
		<point>
			<xValue>5.0</xValue>
			<yValue>20</yValue>
		</point>
	</supportingPoints>
</calibration>
