<?xml version="1.0" encoding="iso-8859-1" standalone="yes"?>
<calibration xmlns:xsi="http://www.w3.org/2001/XMLSchema-instance">
	<settings>
		<mode>linear</mode>
	</settings>
	<supportingPoints>		
		<point>
			<xValue>-2.81</xValue>
			<yValue>130</yValue>
		</point>		
		<point>
			<xValue>-2.4</xValue>
			<yValue>125</yValue>
		</point>		
		<point>
			<xValue>-1.96</xValue>
			<yValue>120</yValue>
		</point>		
		<point>
			<xValue>-1.53</xValue>
			<yValue>115</yValue>
		</point>		
		<point>
			<xValue>-0.39</xValue>
			<yValue>105</yValue>
		</point>		
		<point>
			<xValue>0</xValue>
			<yValue>90</yValue>
		</point>		
		<point>
			<xValue>0.81</xValue>
			<yValue>70</yValue>
		</point>
		<point>
			<xValue>1.3</xValue>
			<yValue>65</yValue>
		</point>
		<point>
			<xValue>2.8</xValue>
			<yValue>50</yValue>
		</point>
		<point>
			<xValue>3.6</xValue>
			<yValue>40</yValue>
		</point>
		<point>
			<xValue>4.2</xValue>
			<yValue>35</yValue>
		</point>
		<point>
			<xValue>5</xValue>
			<yValue>20</yValue>
		</point>
	</supportingPoints>
</calibration>
