<?xml version="1.0" encoding="iso-8859-1" standalone="yes"?>
<calibration xmlns:xsi="http://www.w3.org/2001/XMLSchema-instance">
	<supportingPoints>		
		<point>
			<xValue>-1.02</xValue>
			<yValue>60</yValue>
		</point>				
		<point>
			<xValue>-1.26</xValue>
			<yValue>65</yValue>
		</point>			
		<point>
			<xValue>-1.65</xValue>
			<yValue>70</yValue>
		</point>			
		<point>
			<xValue>-4.24</xValue>
			<yValue>80</yValue>
		</point>			
		<point>
			<xValue>-88.98</xValue>
			<yValue>90</yValue>
		</point>	
		<point>
			<xValue>88.98</xValue>
			<yValue>90</yValue>
		</point>
		<point>
			<xValue>4.91</xValue>
			<yValue>100</yValue>
		</point>		
		<point>
			<xValue>1.69</xValue>
			<yValue>110</yValue>
		</point>	
		<point>
			<xValue>1.29</xValue>
			<yValue>115</yValue>
		</point>	
		<point>
			<xValue>1.1</xValue>
			<yValue>120</yValue>
		</point>
	</supportingPoints>
</calibration>
