<calibration xmlns:xsi="http://www.w3.org/2001/XMLSchema-instance">
 <supportingPoints>
  <point>
   <xValue>-0.754230312578948</xValue>
   <yValue>60</yValue>
  </point>
  <point>
   <xValue>-0.932746387795014</xValue>
   <yValue>65</yValue>
  </point>
  <point>
   <xValue>-1.19431355623964</xValue>
   <yValue>70</yValue>
  </point>
  <point>
   <xValue>-2.49358507583793</xValue>
   <yValue>80</yValue>
  </point>
  <point>
   <xValue>-205.599094666072</xValue>
   <yValue>90</yValue>
  </point>
  <point>
   <xValue>2.71611267681743</xValue>
   <yValue>100</yValue>
  </point>
  <point>
   <xValue>1.23282608011529</xValue>
   <yValue>110</yValue>
  </point>
  <point>
   <xValue>0.948838257389316</xValue>
   <yValue>115</yValue>
  </point>
  <point>
   <xValue>0.756184894729508</xValue>
   <yValue>120</yValue>
  </point>
 </supportingPoints>
</calibration>
