<calibration xmlns:xsi="http://www.w3.org/2001/XMLSchema-instance">
 <supportingPoints>
  <point>
   <xValue>-0.911673271481788</xValue>
   <yValue>60</yValue>
  </point>
  <point>
   <xValue>-1.08314937644103</xValue>
   <yValue>65</yValue>
  </point>
  <point>
   <xValue>-1.39155838090705</xValue>
   <yValue>70</yValue>
  </point>
  <point>
   <xValue>-3.1029040212474</xValue>
   <yValue>80</yValue>
  </point>
  <point>
   <xValue>99.4042557227304</xValue>
   <yValue>90</yValue>
  </point>
  <point>
   <xValue>3.13926685549236</xValue>
   <yValue>100</yValue>
  </point>
  <point>
   <xValue>1.35830649526731</xValue>
   <yValue>110</yValue>
  </point>
  <point>
   <xValue>1.04343567765314</xValue>
   <yValue>115</yValue>
  </point>
  <point>
   <xValue>0.860392031963109</xValue>
   <yValue>120</yValue>
  </point>
 </supportingPoints>
</calibration>
